index,Country/Region,Deaths,Recovered,Active,New_cases,New_deaths,New_recovered,Deaths_/_100_Cases,Recovered_/_100_Cases,Deaths_/_100_Recovered,Confirmed_last_week,1_week_change,1_week_%_increase,Recovery_Rate,Total_cases,Death_Rate
0,Afghanistan,3516.1290322580644,25198,9796,106.0,10.0,18,3.5,69.49,5.04,35526,737,2.07,69.48680473209608,38510.12903225806,9.130400548159095
1,Albania,3516.1290322580644,2745,1991,117.0,6.0,63,2.95,56.25,5.25,4171,709,17.0,56.25,8252.129032258064,42.6087500390906
2,Algeria,3516.1290322580644,18837,7973,616.0,8.0,749,4.16,67.34,6.17,23691,4282,18.07,67.33993493726092,30326.129032258064,11.594387890778739
3,Andorra,3516.1290322580644,803,52,10.0,0.0,0,5.73,88.53,6.48,884,23,2.6,88.53362734288865,4371.129032258064,80.43983616840707
4,Angola,3516.1290322580644,242,667,18.0,1.0,0,4.32,25.47,16.94,749,201,26.84,25.473684210526315,4425.129032258064,79.45822611332638
5,Antigua and Barbuda,3516.1290322580644,65,18,4.0,0.0,5,3.49,75.58,4.62,76,10,13.16,75.5813953488372,3599.1290322580644,97.69388651376228
6,Argentina,3516.1290322580644,72575,91782,4890.0,120.0,2057,1.83,43.35,4.21,130774,36642,28.02,43.35009795957376,167873.12903225806,2.0945156932068705
7,Armenia,3516.1290322580644,26665,10014,73.0,6.0,187,1.9,71.32,2.67,34981,2409,6.89,71.31585985557636,40195.12903225806,8.747649570763269
8,Australia,3516.1290322580644,9311,5825,368.0,6.0,137,1.09,60.84,1.79,12428,2875,23.13,60.84427889956218,18652.129032258064,18.85108679109537
9,Austria,3516.1290322580644,18246,1599,86.0,1.0,37,3.47,88.75,3.91,19743,815,4.13,88.75376982196713,23361.129032258064,15.05119477488798
10,Azerbaijan,3516.1290322580644,23242,6781,396.0,6.0,558,1.39,76.34,1.82,27890,2556,9.16,76.33843526243184,33539.12903225806,10.483662318351316
11,Bahamas,3516.1290322580644,91,280,1282.7401129943503,30.401129943502823,0,2.88,23.82,12.09,174,208,119.54,23.82198952879581,3887.1290322580644,90.45568086571896
12,Bahrain,3516.1290322580644,36110,3231,351.0,1.0,421,0.36,91.46,0.39,36936,2546,6.89,91.45939921989768,42857.12903225806,8.204303721818405
13,Bangladesh,3516.1290322580644,125683,97577,2772.0,37.0,1801,1.31,55.56,2.36,207453,18772,9.05,55.5566360923859,226776.12903225806,1.5504846331325763
14,Barbados,3516.1290322580644,94,9,0.0,0.0,0,6.36,85.45,7.45,106,4,3.77,85.45454545454545,3619.1290322580644,97.154011391085
15,Belarus,3516.1290322580644,60492,6221,119.0,4.0,67,0.8,89.95,0.89,66213,1038,1.57,89.94959182763081,70229.12903225806,5.006653337026314
16,Belgium,3516.1290322580644,17452,39154,402.0,1.0,14,14.79,26.27,56.28,64094,2334,3.64,26.272053953152287,60122.12903225806,5.848310911231225
17,Belize,3516.1290322580644,26,20,0.0,0.0,0,4.17,54.17,7.69,40,8,20.0,54.166666666666664,3562.1290322580644,98.70863745856954
18,Benin,3516.1290322580644,1036,699,0.0,0.0,0,1.98,58.53,3.38,1602,168,10.49,58.53107344632769,5251.129032258064,66.95948643916823
19,Bhutan,3516.1290322580644,86,13,1282.7401129943503,30.401129943502823,1,0.0,86.87,0.0,90,9,10.0,86.86868686868688,3615.1290322580644,97.26150853492045
20,Bolivia,3516.1290322580644,21478,47056,1752.0,64.0,309,3.72,30.17,12.32,60991,10190,16.71,30.173782329554232,72050.12903225806,4.880114830445112
21,Bosnia and Herzegovina,3516.1290322580644,4930,5274,731.0,14.0,375,2.8,46.96,5.96,8479,2019,23.81,46.96132596685083,13720.129032258064,25.627521607057208
22,Botswana,3516.1290322580644,63,674,53.0,1.0,11,0.27,8.53,3.17,522,217,41.57,8.525033829499323,4253.129032258064,82.67158145426137
23,Brazil,3516.1290322580644,1846641,508116,23284.0,614.0,33728,3.59,75.61,4.74,2118646,323729,15.28,75.60841394134808,2358273.129032258,0.149097616767611
24,Brunei,3516.1290322580644,138,0,0.0,0.0,0,2.13,97.87,2.17,141,0,0.0,97.87234042553192,3654.1290322580644,96.22345027278024
25,Bulgaria,3516.1290322580644,5585,4689,194.0,7.0,230,3.27,52.58,6.21,8929,1692,18.95,52.584502400903865,13790.129032258064,25.497433882112965
26,Burkina Faso,3516.1290322580644,926,121,14.0,0.0,6,4.82,84.18,5.72,1065,35,3.29,84.18181818181819,4563.129032258064,77.05521819351463
27,Burma,3516.1290322580644,292,52,0.0,0.0,2,1.71,83.43,2.05,341,9,2.64,83.42857142857143,3860.1290322580644,91.08838079957214
28,Burundi,3516.1290322580644,301,76,17.0,0.0,22,0.26,79.63,0.33,322,56,17.39,79.62962962962963,3893.1290322580644,90.3162726722845
29,Cabo Verde,3516.1290322580644,1550,756,21.0,0.0,103,0.95,66.58,1.42,2071,257,12.41,66.5807560137457,5822.129032258064,60.39249581685006
30,Cambodia,3516.1290322580644,147,79,1.0,0.0,4,0.0,65.04,0.0,171,55,32.16,65.04424778761062,3742.1290322580644,93.96065720738582
31,Cameroon,3516.1290322580644,14539,2180,402.0,6.0,0,2.29,84.97,2.69,16157,953,5.9,84.97369959088252,20235.129032258064,17.376360816146942
32,Canada,3516.1290322580644,0,107514,682.0,11.0,0,7.68,0.0,inf,112925,3533,3.13,0.0,111030.12903225806,3.1668242331201
33,Central African Republic,3516.1290322580644,1546,2994,0.0,0.0,0,1.28,33.62,3.82,4548,51,1.12,33.616003479017174,8056.129032258064,43.64539120685513
34,Chad,3516.1290322580644,810,37,7.0,0.0,0,8.13,87.85,9.26,889,33,3.71,87.85249457700651,4363.129032258064,80.58732634909839
35,Chile,3516.1290322580644,319954,18782,2133.0,75.0,1859,2.64,91.96,2.87,333029,14894,4.47,91.96115232393375,342252.12903225806,1.0273505214416536
36,China,3516.1290322580644,78869,3258,213.0,4.0,7,5.37,90.88,5.9,85622,1161,1.36,90.88070244172246,85643.12903225806,4.105558813636632
37,Colombia,3516.1290322580644,131161,117163,16306.0,508.0,11494,3.41,51.02,6.69,204005,53096,26.03,51.01535972244371,251840.12903225806,1.3961750439731093
38,Comoros,3516.1290322580644,328,19,0.0,0.0,0,1.98,92.66,2.13,334,20,5.99,92.65536723163842,3863.1290322580644,91.01764406256002
39,Congo (Brazzaville),3516.1290322580644,829,2317,162.0,3.0,73,1.69,25.91,6.51,2851,349,12.24,25.906249999999996,6662.129032258064,52.77785847786719
40,Congo (Kinshasa),3516.1290322580644,5700,2936,13.0,4.0,190,2.35,64.45,3.65,8443,401,4.75,64.45047489823608,12152.129032258064,28.93426347699593
41,Costa Rica,3516.1290322580644,3824,11902,612.0,11.0,88,0.73,24.14,3.01,11534,4307,37.34,24.139890158449592,19242.129032258064,18.273076884390097
42,Cote d'Ivoire,3516.1290322580644,10361,5198,59.0,0.0,183,0.61,66.18,0.93,14312,1343,9.38,66.18332801022038,19075.129032258064,18.433055033661464
43,Croatia,3516.1290322580644,3936,806,24.0,3.0,70,2.85,80.64,3.53,4370,511,11.69,80.63921327596803,8258.129032258064,42.57779236099718
44,Cuba,3516.1290322580644,2351,94,37.0,0.0,2,3.44,92.85,3.7,2446,86,3.52,92.85150078988941,5961.129032258064,58.98427987770232
45,Cyprus,3516.1290322580644,852,189,3.0,0.0,0,1.79,80.38,2.23,1038,22,2.12,80.37735849056604,4557.129032258064,77.15667051270255
46,Czechia,3516.1290322580644,11428,3715,192.0,2.0,0,2.4,73.65,3.26,14098,1418,10.06,73.65300335137923,18659.129032258064,18.844014777856728
47,Denmark,3516.1290322580644,12605,543,109.0,0.0,77,4.45,91.6,4.86,13453,308,2.29,91.59944771455562,16664.129032258064,21.099986836705458
48,Djibouti,3516.1290322580644,4977,24,1282.7401129943503,30.401129943502823,11,1.15,98.38,1.17,5020,39,0.78,98.37912630954733,8517.129032258064,41.28303115921994
49,Dominica,3516.1290322580644,18,0,0.0,0.0,0,0.0,100.0,0.0,18,0,0.0,100.0,3534.1290322580644,99.49068073531828
50,Dominican Republic,3516.1290322580644,30204,32869,1248.0,20.0,1601,1.69,47.08,3.59,53956,10200,18.9,47.07899494980984,66589.12903225806,5.280334918564156
51,Ecuador,3516.1290322580644,34896,40733,467.0,17.0,0,6.82,43.0,15.85,74620,6541,8.77,42.9960202560343,79145.12903225806,4.442634784037002
52,Egypt,3516.1290322580644,34838,52992,420.0,46.0,1007,5.03,37.67,13.35,88402,4080,4.62,37.670033087519734,91346.12903225806,3.8492370388419803
53,El Salvador,3516.1290322580644,7778,6849,405.0,8.0,130,2.71,51.73,5.25,12207,2828,23.17,51.73262387761889,18143.129032258064,19.37994833199096
54,Equatorial Guinea,3516.1290322580644,842,2178,0.0,0.0,0,1.66,27.42,6.06,3071,0,0.0,27.417779225008143,6536.129032258064,53.795281808311124
55,Eritrea,3516.1290322580644,191,74,2.0,0.0,2,0.0,72.08,0.0,251,14,5.58,72.0754716981132,3781.1290322580644,92.99151132534233
56,Estonia,3516.1290322580644,1923,42,0.0,0.0,1,3.39,94.54,3.59,2021,13,0.64,94.54277286135692,5481.129032258064,64.14972191978342
57,Eswatini,3516.1290322580644,1025,1257,109.0,2.0,39,1.47,44.26,3.32,1826,490,26.83,44.2573402417962,5798.129032258064,60.642476438450664
58,Ethiopia,3516.1290322580644,6386,7933,579.0,5.0,170,1.57,43.9,3.57,10207,4340,42.52,43.899085722142026,17835.129032258064,19.71462626313781
59,Fiji,3516.1290322580644,18,9,0.0,0.0,0,0.0,66.67,0.0,27,0,0.0,66.66666666666666,3543.1290322580644,99.23796170689295
60,Finland,3516.1290322580644,6920,149,5.0,0.0,0,4.45,93.54,4.75,7340,58,0.79,93.53879426872128,10585.129032258064,33.217630333486724
61,France,3516.1290322580644,81212,108928,2551.0,17.0,267,13.71,36.86,37.2,214023,6329,2.96,36.855576532094105,193656.12903225806,1.8156559515203203
62,Gabon,3516.1290322580644,4682,2458,205.0,0.0,219,0.68,65.13,1.05,6433,756,11.75,65.12727778550563,10656.129032258064,32.99630683538173
63,Gambia,3516.1290322580644,66,252,49.0,2.0,6,2.45,20.25,12.12,112,214,191.07,20.245398773006134,3834.1290322580644,91.70606942738394
64,Georgia,3516.1290322580644,922,199,6.0,0.0,2,1.41,81.09,1.74,1039,98,9.43,81.09058927000879,4637.129032258064,75.82555947436887
65,Germany,3516.1290322580644,190314,7673,445.0,1.0,259,4.41,91.89,4.79,203325,3787,1.86,91.88941249179187,201503.12903225806,1.7449500904252346
66,Ghana,3516.1290322580644,29801,3655,655.0,0.0,307,0.5,88.63,0.56,28430,5194,18.27,88.63014513442778,36972.12903225806,9.510215192612396
67,Greece,3516.1290322580644,1374,2651,34.0,0.0,0,4.78,32.51,14.7,4012,215,5.36,32.50532292405961,7541.129032258064,46.62602930167896
68,Greenland,3516.1290322580644,13,1,1.0,0.0,0,0.0,92.86,0.0,13,1,7.69,92.85714285714286,3530.1290322580644,99.60341392985727
69,Grenada,3516.1290322580644,23,0,0.0,0.0,0,0.0,100.0,0.0,23,0,0.0,100.0,3539.1290322580644,99.35012259258247
70,Guatemala,3516.1290322580644,32455,11093,256.0,27.0,843,3.89,71.63,5.43,39039,6270,16.06,71.63036041404578,47064.12903225806,7.470931906225411
71,Guinea,3516.1290322580644,6257,753,47.0,2.0,105,0.64,88.69,0.72,6590,465,7.06,88.6888731396173,10526.129032258064,33.40381845484355
72,Guinea-Bissau,3516.1290322580644,803,1125,0.0,0.0,0,1.33,41.1,3.24,1949,5,0.26,41.095189355168884,5444.129032258064,64.58570345089116
73,Guyana,3516.1290322580644,181,188,1282.7401129943503,30.401129943502823,0,5.14,46.53,11.05,337,52,15.43,46.52956298200514,3885.1290322580644,90.50224595023207
74,Haiti,3516.1290322580644,4365,2817,25.0,1.0,0,2.15,59.47,3.62,7053,287,4.07,59.46866485013624,10698.129032258064,32.86676597053449
75,Holy See,3516.1290322580644,12,0,0.0,0.0,0,0.0,100.0,0.0,12,0,0.0,100.0,3528.1290322580644,99.65987638518085
76,Honduras,3516.1290322580644,5039,33536,465.0,50.0,117,2.93,12.68,23.14,34611,5130,14.82,12.679600412672052,42091.12903225806,8.353610637441802
77,Hungary,3516.1290322580644,3329,523,13.0,0.0,0,13.4,74.84,17.9,4339,109,2.51,74.84262589928058,7368.129032258064,47.72078524771028
78,Iceland,3516.1290322580644,1823,21,7.0,0.0,0,0.54,98.33,0.55,1839,15,0.82,98.3279395900755,5360.129032258064,65.59784309477384
79,India,3516.1290322580644,951166,495499,44457.0,637.0,33598,2.26,64.26,3.51,1155338,324735,28.11,64.26480315497952,1450181.129032258,0.24246136995345302
80,Indonesia,3516.1290322580644,58173,37292,1525.0,57.0,1518,4.82,58.0,8.32,88214,12089,13.7,57.99726827712033,98981.12903225806,3.5523226160737713
81,Iran,3516.1290322580644,255144,22550,2434.0,212.0,1931,5.42,86.9,6.24,276202,17404,6.3,86.90013146870295,281210.12903225806,1.2503564663044993
82,Iraq,3516.1290322580644,77144,30983,2553.0,96.0,1927,3.96,68.52,5.78,94693,17892,18.89,68.52067326908558,111643.12903225806,3.1494361209117647
83,Ireland,3516.1290322580644,23364,764,11.0,0.0,0,6.81,90.24,7.55,25766,126,0.49,90.23636644523405,27644.129032258064,12.719261395991449
84,Israel,3516.1290322580644,27133,36378,2029.0,4.0,108,0.74,42.41,1.75,52003,11982,23.04,42.40525123075721,67027.12903225806,5.24582968571705
85,Italy,3516.1290322580644,198593,12581,168.0,5.0,147,14.26,80.64,17.68,244624,1662,0.68,80.63511527248808,214690.12903225806,1.6377693041163304
86,Jamaica,3516.1290322580644,714,129,11.0,0.0,0,1.17,83.7,1.4,809,44,5.44,83.70457209847598,4359.129032258064,80.66127444813628
87,Japan,3516.1290322580644,21970,8174,594.0,0.0,364,3.2,70.55,4.54,25706,5436,21.15,70.5478132425663,33660.12903225806,10.445976095006634
88,Jordan,3516.1290322580644,1041,124,8.0,0.0,0,0.94,88.52,1.06,1223,-47,-3.84,88.5204081632653,4681.129032258064,75.1128415394687
89,Kazakhstan,3516.1290322580644,54404,29659,1526.0,0.0,1833,0.69,64.27,1.08,73468,11180,15.22,64.27086286740384,87579.12903225806,4.014802466193705
90,Kenya,3516.1290322580644,7833,9857,372.0,5.0,90,1.59,43.58,3.64,13771,4204,30.53,43.57719054242003,21206.129032258064,16.580720728943245
91,Kosovo,3516.1290322580644,4027,3201,496.0,16.0,274,2.5,54.32,4.59,5877,1536,26.14,54.32348576824497,10744.129032258064,32.72604993574886
92,Kuwait,3516.1290322580644,55057,8884,606.0,5.0,684,0.68,85.52,0.8,59763,4616,7.72,85.52012302148216,67457.12903225806,5.212390569685597
93,Kyrgyzstan,3516.1290322580644,21205,10790,483.0,24.0,817,3.91,63.69,6.14,27143,6153,22.67,63.686328688130715,35511.12903225806,9.90148476851873
94,Laos,3516.1290322580644,19,1,0.0,0.0,0,0.0,95.0,0.0,19,1,5.26,95.0,3536.1290322580644,99.43440977923737
95,Latvia,3516.1290322580644,1045,143,1282.7401129943503,30.401129943502823,0,2.54,85.73,2.97,1192,27,2.27,85.72600492206726,4704.129032258064,74.74559069588831
96,Lebanon,3516.1290322580644,1709,2122,132.0,0.0,17,1.31,44.02,2.98,2905,977,33.63,44.0236991241628,7347.129032258064,47.857183626696404
97,Lesotho,3516.1290322580644,128,365,0.0,0.0,0,2.38,25.35,9.38,359,146,40.67,25.346534653465348,4009.1290322580644,87.70306477957564
98,Liberia,3516.1290322580644,646,449,5.0,0.0,5,6.17,55.36,11.15,1107,60,5.42,55.35561268209083,4611.129032258064,76.25310434083039
99,Libya,3516.1290322580644,577,2186,158.0,4.0,24,2.26,20.41,11.09,1980,847,42.78,20.410328970640254,6279.129032258064,55.997081986920314
100,Liechtenstein,3516.1290322580644,81,4,0.0,0.0,0,1.16,94.19,1.23,86,0,0.0,94.18604651162791,3601.1290322580644,97.63962914856452
101,Lithuania,3516.1290322580644,1620,319,11.0,0.0,4,3.96,80.24,4.94,1947,72,3.7,80.23774145616642,5455.129032258064,64.45546954922564
102,Luxembourg,3516.1290322580644,4825,1384,49.0,0.0,178,1.77,76.33,2.32,5639,682,12.09,76.3328587248853,9725.129032258064,36.15508874581646
103,Madagascar,3516.1290322580644,6260,3339,395.0,6.0,681,0.94,64.6,1.45,7153,2537,35.47,64.60268317853458,13115.129032258064,26.80971741574001
104,Malawi,3516.1290322580644,1645,1920,24.0,0.0,6,2.7,44.9,6.02,2992,672,22.46,44.896288209606986,7081.129032258064,49.65492107600847
105,Malaysia,3516.1290322580644,8601,179,7.0,0.0,1,1.39,96.6,1.44,8800,104,1.18,96.59703504043127,12296.129032258064,28.595414239991605
106,Maldives,3516.1290322580644,2547,807,67.0,0.0,19,0.45,75.6,0.59,2999,370,12.34,75.60106856634016,6870.129032258064,51.179956238789714
107,Mali,3516.1290322580644,1913,476,3.0,1.0,2,4.93,76.12,6.48,2475,38,1.54,76.1241543971349,5905.129032258064,59.54364439880039
108,Malta,3516.1290322580644,665,27,1.0,0.0,0,1.28,94.86,1.35,677,24,3.55,94.8644793152639,4208.129032258064,83.5556373225401
109,Mauritania,3516.1290322580644,4653,1399,37.0,0.0,223,2.51,74.95,3.35,5923,285,4.81,74.95167525773195,9568.129032258064,36.74834463878737
110,Mauritius,3516.1290322580644,332,2,0.0,0.0,0,2.91,96.51,3.01,343,1,0.29,96.51162790697676,3850.1290322580644,91.32496606732911
111,Mexico,3516.1290322580644,303810,47657,4973.0,342.0,8588,11.13,76.82,14.49,349396,46093,13.19,76.8188242909411,354983.12903225806,0.9905059549854118
112,Moldova,3516.1290322580644,16154,6252,1282.7401129943503,30.401129943502823,245,3.23,69.77,4.63,21115,2039,9.66,69.76764273991535,25922.129032258064,13.564198480312001
113,Monaco,3516.1290322580644,104,8,0.0,0.0,0,3.45,89.66,3.85,109,7,6.42,89.65517241379311,3628.1290322580644,96.9130094601323
114,Mongolia,3516.1290322580644,222,67,1.0,0.0,4,0.0,76.82,0.0,287,2,0.7,76.8166089965398,3805.1290322580644,92.40498817385702
115,Montenegro,3516.1290322580644,809,2039,94.0,2.0,70,1.56,27.96,5.56,2188,705,32.22,27.964051157967507,6364.129032258064,55.249178865415026
116,Morocco,3516.1290322580644,16553,4018,609.0,3.0,115,1.51,79.25,1.91,17562,3325,18.93,79.25025135251592,24087.129032258064,14.597543059403964
117,Mozambique,3516.1290322580644,0,1690,32.0,0.0,0,0.65,0.0,inf,1507,194,12.87,0.0,5206.129032258064,67.53826135448293
118,Namibia,3516.1290322580644,101,1734,68.0,0.0,26,0.43,5.48,7.92,1344,499,37.13,5.480195333695062,5351.129032258064,65.70817132350724
119,Nepal,3516.1290322580644,13754,4950,139.0,3.0,626,0.26,73.35,0.35,17844,908,5.09,73.34684300341297,22220.129032258064,15.824071170574777
120,Netherlands,3516.1290322580644,189,47064,419.0,1.0,0,11.53,0.35,3259.26,52132,1281,2.46,0.35384644187744557,50769.12903225806,6.925722578427454
121,New Zealand,3516.1290322580644,1514,21,1282.7401129943503,30.401129943502823,1,1.41,97.24,1.45,1555,2,0.13,97.23827874116891,5051.129032258064,69.61075454226139
122,Nicaragua,3516.1290322580644,2492,839,0.0,0.0,0,3.14,72.46,4.33,3147,292,9.28,72.46292526897355,6847.129032258064,51.35187340114293
123,Niger,3516.1290322580644,1027,36,0.0,0.0,0,6.1,90.72,6.72,1105,27,2.44,90.7243816254417,4579.129032258064,76.78597845765852
124,Nigeria,3516.1290322580644,18203,22117,648.0,2.0,829,2.09,44.2,4.72,37225,3955,10.62,44.20349684312773,43836.12903225806,8.021075560003531
125,North Macedonia,3516.1290322580644,5564,4183,127.0,6.0,137,4.56,54.48,8.38,9249,964,10.42,54.47958484284735,13263.129032258064,26.510554362445486
126,Norway,3516.1290322580644,8752,125,15.0,0.0,0,2.79,95.84,2.91,9034,98,1.08,95.83880858519493,12393.129032258064,28.371600288401222
127,Oman,3516.1290322580644,57028,19637,1053.0,9.0,1729,0.51,74.01,0.69,68400,8658,12.66,74.00659243686573,80181.12903225806,4.385232628544646
128,Pakistan,3516.1290322580644,241026,27421,1176.0,20.0,3592,2.13,87.87,2.42,266096,8193,3.08,87.87300985456945,271963.12903225806,1.2928697521497519
129,Panama,3516.1290322580644,35086,25034,1146.0,28.0,955,2.15,57.1,3.77,54426,7016,12.89,57.10426092900621,63636.12903225806,5.52536599213269
130,Papua New Guinea,3516.1290322580644,11,51,0.0,0.0,0,0.0,17.74,0.0,19,43,226.32,17.741935483870968,3578.1290322580644,98.26725086096536
131,Paraguay,3516.1290322580644,2905,1600,104.0,2.0,111,0.95,63.87,1.48,3748,800,21.34,63.87423043095867,8021.129032258064,43.83583680199473
132,Peru,3516.1290322580644,272547,98752,13756.0,575.0,4697,4.73,69.93,6.76,357681,32036,8.96,69.93459356404776,374815.12903225806,0.9380968802770638
133,Philippines,3516.1290322580644,26446,53649,1592.0,13.0,336,2.37,32.24,7.35,68898,13142,19.07,32.23549488054607,83611.12903225806,4.205336147179049
134,Poland,3516.1290322580644,32856,8870,337.0,5.0,103,3.86,75.7,5.1,40383,3019,7.48,75.70158057232386,45242.12903225806,7.771802758776077
135,Portugal,3516.1290322580644,35375,13205,135.0,2.0,158,3.42,70.33,4.86,48771,1528,3.13,70.32943000854888,52096.12903225806,6.749309588973238
136,Qatar,3516.1290322580644,106328,3104,292.0,0.0,304,0.15,97.02,0.16,107037,2560,2.39,97.0172541219194,112948.12903225806,3.1130476107787985
137,Romania,3516.1290322580644,25794,17902,1104.0,19.0,151,4.81,56.19,8.55,38139,7763,20.35,56.19362990719359,47212.12903225806,7.447512120996793
138,Russia,3516.1290322580644,602249,201097,5607.0,85.0,3077,1.63,73.74,2.21,776212,40468,5.21,73.74357153352598,806862.1290322581,0.43577817147959
139,Rwanda,3516.1290322580644,975,899,58.0,0.0,57,0.27,51.89,0.51,1629,250,15.35,51.889302820649284,5390.129032258064,65.23274324631645
140,Saint Kitts and Nevis,3516.1290322580644,15,2,0.0,0.0,0,0.0,88.24,0.0,17,0,0.0,88.23529411764706,3533.1290322580644,99.51884010335351
141,Saint Lucia,3516.1290322580644,22,2,0.0,0.0,0,0.0,91.67,0.0,23,1,4.35,91.66666666666666,3540.1290322580644,99.3220586091267
142,Saint Vincent and the Grenadines,3516.1290322580644,39,13,0.0,0.0,0,0.0,75.0,0.0,50,2,4.0,75.0,3568.1290322580644,98.54265359997108
143,San Marino,3516.1290322580644,657,0,0.0,0.0,0,6.01,93.99,6.39,699,0,0.0,93.99141630901288,4173.129032258064,84.25641778815309
144,Sao Tome and Principe,3516.1290322580644,734,117,2.0,0.0,38,1.62,84.86,1.91,746,119,15.95,84.85549132947978,4367.129032258064,80.5135137131503
145,Saudi Arabia,3516.1290322580644,222936,43238,1993.0,27.0,2613,1.03,82.9,1.24,253349,15585,6.15,82.89617526976879,269690.12903225806,1.3037663057506619
146,Senegal,3516.1290322580644,6477,3093,83.0,3.0,68,1.99,66.34,3.0,8948,816,9.12,66.33551823023352,13086.129032258064,26.8691300811004
147,Serbia,3516.1290322580644,0,23598,411.0,9.0,0,2.25,0.0,inf,21253,2888,13.59,0.0,27114.129032258064,12.967884854700204
148,Seychelles,3516.1290322580644,39,75,0.0,0.0,0,0.0,34.21,0.0,108,6,5.56,34.21052631578947,3630.1290322580644,96.85961576057014
149,Sierra Leone,3516.1290322580644,1317,400,0.0,0.0,4,3.7,73.86,5.01,1711,72,4.21,73.86427369601795,5233.129032258064,67.18980194418931
150,Singapore,3516.1290322580644,45692,5119,469.0,0.0,171,0.05,89.88,0.06,48035,2803,5.84,89.87765057634053,54327.12903225806,6.472142178119291
151,Slovakia,3516.1290322580644,1616,537,2.0,0.0,39,1.28,74.09,1.73,1980,201,10.15,74.094452086199,5669.129032258064,62.02238495985616
152,Slovenia,3516.1290322580644,1733,238,5.0,0.0,55,5.56,83.04,6.69,1953,134,6.86,83.03785337805462,5487.129032258064,64.07957625175631
153,Somalia,3516.1290322580644,1543,1560,18.0,0.0,22,2.91,48.28,6.03,3130,66,2.11,48.27909887359199,6619.129032258064,53.12072049241445
154,South Africa,3516.1290322580644,274925,170537,7096.0,298.0,9848,1.56,60.75,2.57,373628,78901,21.12,60.75301251411511,448978.12903225806,0.7831403814339114
155,South Korea,3516.1290322580644,13007,896,28.0,1.0,102,2.11,91.58,2.31,13816,387,2.8,91.5792438217278,17419.129032258064,20.185446848385073
156,South Sudan,3516.1290322580644,1175,1084,43.0,1.0,0,2.0,50.98,3.91,2211,94,4.25,50.97613882863341,5775.129032258064,60.88399086181568
157,Spain,3516.1290322580644,150376,93613,0.0,0.0,0,10.44,55.2,18.91,264836,7585,2.86,55.19985610507266,247505.12903225806,1.4206287546468572
158,Sri Lanka,3516.1290322580644,2121,673,23.0,0.0,15,0.39,75.61,0.52,2730,75,2.75,75.61497326203208,6310.129032258064,55.72198308914494
159,Sudan,3516.1290322580644,5939,4765,39.0,3.0,49,6.3,51.99,12.12,10992,432,3.93,51.98704481792718,14220.129032258064,24.72642142896031
160,Suriname,3516.1290322580644,925,534,44.0,1.0,35,1.62,62.37,2.59,1079,404,37.44,62.37356709372893,4975.129032258064,70.67412743388078
161,Sweden,3516.1290322580644,0,73695,398.0,3.0,0,7.18,0.0,inf,78048,1347,1.73,0.0,77211.12903225806,4.553914800014205
162,Switzerland,3516.1290322580644,30900,1599,65.0,1.0,200,5.74,89.62,6.4,33634,843,2.51,89.62496736955072,36015.12903225806,9.762922212797669
163,Syria,3516.1290322580644,0,634,24.0,2.0,0,5.93,0.0,inf,522,152,29.12,0.0,4150.129032258064,84.7233665490385
164,Taiwan*,3516.1290322580644,440,15,4.0,0.0,0,1.52,95.24,1.59,451,11,2.44,95.23809523809523,3971.1290322580644,88.54230128751878
165,Tajikistan,3516.1290322580644,6028,1147,43.0,1.0,58,0.83,83.32,1.0,6921,314,4.54,83.31720801658604,10691.129032258064,32.88828543411028
166,Tanzania,3516.1290322580644,183,305,0.0,0.0,0,4.13,35.95,11.48,509,0,0.0,35.952848722986246,4004.1290322580644,87.81258056200052
167,Thailand,3516.1290322580644,3111,128,6.0,0.0,2,1.76,94.36,1.86,3250,47,1.45,94.35850773430391,6755.129032258064,52.05124899120859
168,Timor-Leste,3516.1290322580644,0,24,0.0,0.0,0,0.0,0.0,0.0,24,0,0.0,0.0,3540.1290322580644,99.3220586091267
169,Togo,3516.1290322580644,607,249,6.0,0.0,8,2.06,69.45,2.97,783,91,11.62,69.45080091533181,4372.129032258064,80.42143784677134
170,Trinidad and Tobago,3516.1290322580644,128,12,1.0,0.0,0,5.41,86.49,6.25,137,11,8.03,86.48648648648648,3656.1290322580644,96.17081348155992
171,Tunisia,3516.1290322580644,1157,248,3.0,0.0,15,3.44,79.52,4.32,1381,74,5.36,79.51890034364261,4921.129032258064,71.4496411130412
172,Turkey,3516.1290322580644,210469,10920,1282.7401129943503,30.401129943502823,982,2.48,92.71,2.67,220572,6447,2.92,92.7098612891432,224905.12903225806,1.5633832129074063
173,US,3516.1290322580644,1325804,2816444,56336.0,1076.0,27941,3.45,30.9,11.16,3834677,455582,11.88,30.902656459668286,4145764.129032258,0.08481256827022697
174,Uganda,3516.1290322580644,986,140,13.0,0.0,4,0.18,87.41,0.2,1069,59,5.52,87.41134751773049,4642.129032258064,75.74388837157588
175,Ukraine,3516.1290322580644,37202,28258,835.0,11.0,317,2.44,55.45,4.4,60767,6329,10.42,55.44592822224872,68976.12903225806,5.097602723709933
176,United Arab Emirates,3516.1290322580644,52510,6322,264.0,1.0,328,0.58,88.73,0.66,57193,1984,3.47,88.73379860418744,62348.12903225806,5.639510097310006
177,United Kingdom,3516.1290322580644,1437,254427,688.0,7.0,3,15.19,0.48,3190.26,296944,4764,1.6,0.47628833176448754,259380.12903225806,1.3555892062266566
178,Uruguay,3516.1290322580644,951,216,10.0,1.0,3,2.91,79.12,3.68,1064,138,12.97,79.11813643926789,4683.129032258064,75.08076348181875
179,Uzbekistan,3516.1290322580644,11674,9414,678.0,5.0,569,0.57,55.04,1.04,17149,4060,23.67,55.042670564383045,24604.129032258064,14.290808781112007
180,Venezuela,3516.1290322580644,9959,5883,1282.7401129943503,30.401129943502823,213,0.91,62.29,1.47,12334,3654,29.63,62.29046785088816,19358.129032258064,18.163578858260763
181,Vietnam,3516.1290322580644,365,66,1282.7401129943503,30.401129943502823,0,0.0,84.69,0.0,384,47,12.24,84.68677494199535,3947.1290322580644,89.08067112887275
182,West Bank and Gaza,3516.1290322580644,3752,6791,152.0,2.0,0,0.73,35.33,2.08,8916,1705,19.12,35.326240466999344,14059.129032258064,25.009579357230866
183,Western Sahara,3516.1290322580644,8,1,0.0,0.0,0,10.0,80.0,12.5,10,0,0.0,80.0,3525.1290322580644,99.74469019665261
184,Yemen,3516.1290322580644,833,375,10.0,4.0,36,28.56,49.26,57.98,1619,72,4.45,49.260792430514485,4724.129032258064,74.42914891292473
185,Zambia,3516.1290322580644,2815,1597,71.0,1.0,465,3.08,61.84,4.97,3326,1226,36.86,61.840949033391915,7928.129032258064,44.35004801197858
186,Zimbabwe,3516.1290322580644,542,2126,192.0,2.0,24,1.33,20.04,6.64,1713,991,57.85,20.04437869822485,6184.129032258064,56.85730381622051
